{"count":1,"self":92.9315712,"total":537.5954277,"children":{"InitializeActuators":{"count":1,"self":0.0010107999999999998,"total":0.0010107999999999998,"children":null},"InitializeSensors":{"count":1,"self":0.0010106,"total":0.0010106,"children":null},"AgentSendState":{"count":477234,"self":0.7124649,"total":1.5527642,"children":{"CollectObservations":{"count":95447,"self":0.088481499999999991,"total":0.088481499999999991,"children":null},"WriteActionMask":{"count":95447,"self":0.0417702,"total":0.0417702,"children":null},"RequestDecision":{"count":95447,"self":0.1711498,"total":0.7100476,"children":{"AgentInfo.ToProto":{"count":95447,"self":0.1896117,"total":0.5388978,"children":{"GenerateSensorData":{"count":95447,"self":0.3492861,"total":0.3492861,"children":null}}}}}}},"DecideAction":{"count":477234,"self":441.94882559999996,"total":441.94883899999996,"children":null},"AgentAct":{"count":477234,"self":1.1466242,"total":1.1466242,"children":null},"AgentInfo.ToProto":{"count":1470,"self":0.0060563,"total":0.013609099999999999,"children":{"GenerateSensorData":{"count":1470,"self":0.0075527999999999993,"total":0.0075527999999999993,"children":null}}}},"gauges":{"My Behavior.CumulativeReward":{"count":1470,"max":-2.774003,"min":-3.0820055,"runningAverage":-2.92966652,"value":-2.900004,"weightedAverage":-2.90218019}},"metadata":{"timer_format_version":"0.1.0","start_time_seconds":"1748031295","unity_version":"2022.3.32f1","command_line_arguments":"C:\\Program Files\\Unity\\Hub\\Editor\\2022.3.32f1\\Editor\\Unity.exe -projectpath C:\\Users\\2237789\\Desktop\\taffTp\\6C5-E25-TP3-JB -useHub -hubIPC -cloudEnvironment production","communication_protocol_version":"1.5.0","com.unity.ml-agents_version":"3.0.0-exp.1","scene_name":"SampleScene","end_time_seconds":"1748031833"}}